{
  "accuracy": 0.9997268588770865,
  "roc_auc": 1.0,
  "precision": 1.0,
  "recall": 0.9975708502024292,
  "f1": 0.9987839481151196,
  "timestamp": "2025-05-02T10:45:07.531027"
}